-- Adminer 4.7.7 MySQL dump

SET NAMES utf8;
SET time_zone = '+00:00';
SET foreign_key_checks = 0;
SET sql_mode = 'NO_AUTO_VALUE_ON_ZERO';

DROP TABLE IF EXISTS `lang`;
CREATE TABLE `lang` (
  `id` int(11) NOT NULL AUTO_INCREMENT COMMENT '[A]Index',
  `skratka` varchar(3) COLLATE utf8_bin NOT NULL DEFAULT 'sk' COMMENT 'Skratka jazyka',
  `nazov` varchar(15) COLLATE utf8_bin NOT NULL DEFAULT 'Slovenčina' COMMENT 'Miestny názov jazyka',
  `nazov_en` varchar(15) COLLATE utf8_bin NOT NULL DEFAULT 'Slovak' COMMENT 'Anglický názov jazyka',
  `prijaty` tinyint(4) DEFAULT NULL COMMENT 'Ak je > 0 jazyk je možné použiť na Frond',
  PRIMARY KEY (`id`)
) ENGINE=InnoDB DEFAULT CHARSET=utf8 COLLATE=utf8_bin COMMENT='Jazyky pre web';

INSERT INTO `lang` (`id`, `skratka`, `nazov`, `nazov_en`, `prijaty`) VALUES
(1,	'sk',	'Slovenčina',	'Slovak',	1);

DROP TABLE IF EXISTS `oblast`;
CREATE TABLE `oblast` (
  `id` int(11) NOT NULL AUTO_INCREMENT COMMENT '[A]Index',
  `id_user_main` int(11) NOT NULL DEFAULT 1 COMMENT 'Id užívateľa',
  `name` varchar(50) COLLATE utf8_bin NOT NULL DEFAULT 'Oblasť' COMMENT 'Názov oblasti',
  `web_name` varchar(50) COLLATE utf8_bin NOT NULL DEFAULT 'oblast' COMMENT 'Názov oblasti pre link',
  `description` text COLLATE utf8_bin DEFAULT NULL COMMENT 'Popis oblasti',
  PRIMARY KEY (`id`),
  KEY `id_user_main` (`id_user_main`),
  CONSTRAINT `oblast_ibfk_1` FOREIGN KEY (`id_user_main`) REFERENCES `user_main` (`id`)
) ENGINE=InnoDB DEFAULT CHARSET=utf8 COLLATE=utf8_bin COMMENT='Základný popis oblasti';

INSERT INTO `oblast` (`id`, `id_user_main`, `name`, `web_name`, `description`) VALUES
(1,	1,	'Testovacia oblasť',	'testovacia-oblast',	'Toto je fiktívna testovacia oblasť.');

DROP TABLE IF EXISTS `oblast_prvky`;
CREATE TABLE `oblast_prvky` (
  `id` int(11) NOT NULL AUTO_INCREMENT COMMENT '[A]Index',
  `id_oblast` int(11) NOT NULL COMMENT 'Oblasť',
  `id_prvky_kluc` int(11) NOT NULL COMMENT 'Kľúč prvku',
  `xs` int(11) NOT NULL COMMENT 'Pozícia na mape',
  `y` int(11) NOT NULL DEFAULT 0,
  `c0` int(11) NOT NULL DEFAULT 0,
  `c1` int(11) NOT NULL DEFAULT 0,
  `c2` int(11) NOT NULL DEFAULT 0,
  `c3` int(11) NOT NULL DEFAULT 0,
  `dl` int(11) NOT NULL DEFAULT 0 COMMENT 'Dĺžka',
  `n0` int(11) NOT NULL DEFAULT 0,
  `n1` int(11) NOT NULL DEFAULT 0,
  `sm` int(11) NOT NULL DEFAULT 0,
  `addr` int(11) NOT NULL DEFAULT 0,
  `rezim` int(11) NOT NULL DEFAULT 0,
  `odk` int(11) NOT NULL DEFAULT 0,
  `oznacenie` varchar(15) COLLATE utf8_bin DEFAULT NULL COMMENT 'Označenie',
  PRIMARY KEY (`id`),
  KEY `id_oblast` (`id_oblast`),
  KEY `id_prvky_kluc` (`id_prvky_kluc`),
  CONSTRAINT `oblast_prvky_ibfk_1` FOREIGN KEY (`id_oblast`) REFERENCES `oblast` (`id`),
  CONSTRAINT `oblast_prvky_ibfk_2` FOREIGN KEY (`id_prvky_kluc`) REFERENCES `prvky_kluc` (`id`)
) ENGINE=InnoDB DEFAULT CHARSET=utf8 COLLATE=utf8_bin;

INSERT INTO `oblast_prvky` (`id`, `id_oblast`, `id_prvky_kluc`, `xs`, `y`, `c0`, `c1`, `c2`, `c3`, `dl`, `n0`, `n1`, `sm`, `addr`, `rezim`, `odk`, `oznacenie`) VALUES
(1,	1,	19,	77,	0,	0,	0,	0,	0,	0,	141,	0,	2,	0,	0,	0,	NULL),
(2,	1,	18,	133,	0,	0,	0,	0,	0,	0,	141,	136,	5,	0,	0,	0,	NULL),
(3,	1,	21,	136,	5,	77,	0,	133,	0,	350,	2,	137,	2,	0,	0,	0,	NULL),
(4,	1,	12,	137,	4,	2,	100,	77,	0,	1420,	0,	110,	2,	0,	0,	0,	NULL),
(5,	1,	12,	138,	3,	2,	0,	77,	0,	1480,	0,	110,	2,	0,	0,	0,	NULL),
(6,	1,	12,	139,	2,	2,	0,	77,	0,	1480,	0,	110,	2,	0,	0,	0,	NULL),
(7,	1,	4,	140,	0,	1110,	0,	0,	0,	0,	141,	139,	1,	0,	0,	0,	NULL),
(8,	1,	18,	196,	0,	0,	0,	0,	0,	0,	203,	199,	4,	0,	0,	0,	NULL),
(9,	1,	21,	199,	2,	266,	0,	196,	0,	500,	1,	137,	1,	0,	0,	0,	NULL),
(10,	1,	12,	200,	3,	1,	0,	266,	0,	1020,	0,	110,	1,	0,	0,	0,	NULL),
(11,	1,	12,	201,	4,	1,	0,	266,	0,	1345,	0,	110,	1,	0,	0,	0,	NULL),
(12,	1,	12,	202,	5,	1,	1,	266,	0,	1495,	0,	110,	1,	0,	0,	0,	NULL),
(13,	1,	6,	203,	0,	204,	202,	196,	0,	0,	0,	0,	1,	0,	0,	0,	NULL),
(14,	1,	19,	266,	0,	0,	0,	0,	0,	0,	203,	0,	1,	0,	0,	0,	NULL),
(15,	1,	20,	366,	0,	28148370,	32244215,	36438707,	0,	0,	220,	303,	2,	0,	0,	0,	NULL),
(16,	1,	18,	418,	0,	0,	0,	0,	0,	0,	486,	480,	5,	0,	0,	0,	NULL),
(17,	1,	19,	421,	0,	0,	0,	0,	0,	0,	486,	1,	2,	0,	0,	0,	NULL),
(18,	1,	1,	426,	0,	614,	0,	0,	0,	25,	0,	40,	0,	0,	0,	0,	NULL),
(19,	1,	7,	427,	0,	426,	429,	0,	0,	0,	0,	0,	2,	0,	0,	0,	NULL),
(20,	1,	14,	429,	0,	0,	0,	366,	0,	423,	3,	40,	3,	0,	0,	0,	NULL),
(21,	1,	7,	431,	0,	432,	429,	0,	0,	0,	0,	0,	1,	0,	0,	0,	NULL),
(22,	1,	1,	432,	0,	1107,	0,	0,	0,	25,	0,	40,	0,	0,	0,	0,	NULL),
(23,	1,	19,	437,	0,	0,	0,	0,	0,	0,	0,	1,	2,	0,	0,	0,	NULL),
(24,	1,	18,	438,	0,	0,	0,	0,	0,	0,	503,	500,	3,	0,	0,	0,	NULL),
(25,	1,	3,	479,	1,	342,	421,	418,	0,	200,	0,	90,	1,	0,	0,	1,	NULL),
(26,	1,	6,	480,	0,	479,	481,	418,	0,	0,	0,	0,	2,	0,	0,	0,	NULL),
(27,	1,	12,	481,	2,	0,	1,	421,	0,	850,	0,	90,	2,	0,	0,	0,	NULL),
(28,	1,	12,	482,	3,	0,	0,	421,	0,	900,	483,	90,	2,	0,	0,	0,	NULL),
(29,	1,	11,	483,	4,	484,	482,	421,	0,	20,	0,	90,	0,	0,	0,	0,	NULL),
(30,	1,	12,	484,	5,	0,	0,	421,	0,	900,	483,	90,	2,	0,	0,	0,	NULL),
(31,	1,	12,	485,	6,	0,	0,	421,	0,	850,	0,	90,	6,	0,	0,	0,	NULL),
(32,	1,	6,	486,	0,	487,	485,	418,	0,	0,	0,	0,	1,	0,	0,	0,	NULL),
(33,	1,	3,	487,	1,	1110,	421,	418,	0,	350,	0,	90,	2,	0,	0,	0,	NULL),
(34,	1,	8,	488,	0,	489,	487,	0,	0,	0,	0,	0,	1,	0,	0,	0,	NULL),
(35,	1,	17,	489,	0,	1109,	1160,	36246870,	1363,	25,	40,	90,	5,	0,	0,	0,	NULL),
(36,	1,	7,	490,	0,	489,	492,	0,	0,	0,	0,	0,	2,	0,	0,	0,	NULL),
(37,	1,	14,	492,	0,	1,	0,	366,	0,	455,	1,	90,	3,	0,	0,	0,	NULL),
(38,	1,	7,	495,	0,	496,	492,	0,	0,	0,	0,	0,	1,	0,	0,	0,	NULL),
(39,	1,	16,	496,	0,	1110,	1878,	0,	0,	25,	40,	90,	1,	0,	0,	0,	NULL),
(40,	1,	16,	497,	0,	36672598,	342,	0,	0,	25,	40,	90,	1,	0,	0,	0,	NULL),
(41,	1,	8,	498,	0,	497,	499,	0,	0,	0,	0,	0,	2,	0,	0,	0,	NULL),
(42,	1,	3,	499,	1,	1110,	437,	438,	0,	150,	0,	90,	1,	0,	0,	0,	NULL),
(43,	1,	6,	500,	0,	499,	501,	438,	0,	0,	0,	0,	6,	0,	0,	0,	NULL),
(44,	1,	13,	501,	2,	0,	0,	437,	0,	850,	0,	90,	0,	0,	0,	0,	NULL),
(45,	1,	2,	502,	3,	1110,	0,	437,	0,	2300,	0,	90,	0,	0,	0,	0,	NULL),
(46,	1,	21,	503,	4,	437,	0,	438,	0,	3000,	0,	249,	0,	0,	0,	0,	NULL),
(47,	1,	4,	541,	0,	601,	0,	0,	0,	0,	479,	730,	1,	0,	0,	0,	NULL),
(48,	1,	15,	550,	0,	6,	0,	0,	0,	0,	0,	0,	0,	0,	0,	0,	NULL),
(49,	1,	3,	551,	0,	1110,	0,	0,	0,	250,	0,	40,	0,	0,	0,	0,	NULL),
(50,	1,	8,	552,	0,	553,	551,	0,	0,	0,	0,	0,	1,	0,	0,	0,	NULL),
(51,	1,	17,	553,	0,	32064597,	1877,	1366,	1363,	25,	40,	40,	5,	0,	0,	0,	NULL),
(52,	1,	7,	554,	0,	553,	556,	0,	0,	0,	0,	0,	2,	0,	0,	0,	NULL),
(53,	1,	14,	556,	0,	0,	0,	366,	0,	410,	2,	60,	2,	0,	0,	0,	NULL),
(54,	1,	7,	558,	0,	559,	556,	0,	0,	0,	0,	0,	1,	0,	0,	0,	NULL),
(55,	1,	17,	559,	0,	1109,	341,	32576854,	1369,	25,	40,	60,	5,	0,	0,	0,	NULL),
(56,	1,	8,	560,	0,	559,	624,	0,	0,	0,	0,	0,	2,	0,	0,	0,	NULL),
(57,	1,	4,	561,	0,	1058,	0,	0,	0,	0,	624,	560,	1,	0,	0,	0,	NULL),
(58,	1,	4,	604,	0,	600,	0,	0,	0,	0,	479,	730,	1,	0,	0,	0,	NULL),
(59,	1,	1,	617,	0,	1878,	0,	0,	0,	25,	0,	40,	0,	0,	0,	0,	NULL),
(60,	1,	8,	618,	0,	617,	619,	0,	0,	0,	0,	0,	2,	0,	0,	0,	NULL),
(61,	1,	3,	619,	0,	1110,	0,	0,	0,	250,	0,	40,	0,	0,	0,	0,	NULL),
(62,	1,	8,	620,	0,	621,	619,	0,	0,	0,	0,	0,	1,	0,	0,	0,	NULL),
(63,	1,	1,	621,	0,	1113,	0,	0,	0,	25,	0,	40,	0,	0,	0,	0,	NULL),
(64,	1,	3,	624,	1,	2130,	626,	627,	0,	120,	0,	60,	1,	0,	0,	1,	NULL),
(65,	1,	19,	626,	0,	0,	0,	0,	0,	0,	0,	1,	2,	0,	0,	0,	NULL),
(66,	1,	18,	627,	0,	0,	0,	0,	0,	0,	689,	691,	3,	0,	0,	0,	NULL),
(67,	1,	20,	658,	0,	51380995,	55542624,	47284590,	59692150,	0,	200,	530,	1,	0,	0,	0,	NULL),
(68,	1,	4,	667,	0,	600,	0,	0,	0,	0,	479,	730,	1,	0,	0,	0,	NULL),
(69,	1,	4,	687,	0,	2182,	0,	0,	0,	0,	688,	624,	2,	0,	0,	0,	NULL),
(70,	1,	10,	688,	0,	689,	558,	0,	0,	20,	0,	60,	0,	0,	0,	0,	NULL),
(71,	1,	6,	689,	0,	688,	690,	627,	0,	0,	0,	0,	6,	0,	0,	0,	NULL),
(72,	1,	13,	690,	2,	0,	0,	626,	0,	420,	0,	60,	0,	0,	0,	0,	NULL),
(73,	1,	21,	691,	3,	626,	0,	627,	0,	2000,	0,	752,	0,	0,	0,	0,	NULL),
(74,	1,	18,	709,	0,	0,	0,	0,	0,	0,	776,	771,	1,	0,	0,	1,	NULL),
(75,	1,	19,	712,	0,	0,	0,	0,	0,	0,	0,	0,	2,	0,	0,	1,	NULL),
(76,	1,	4,	717,	0,	342,	0,	0,	0,	0,	718,	779,	2,	0,	0,	0,	NULL),
(77,	1,	7,	718,	0,	717,	721,	0,	0,	0,	0,	0,	2,	0,	0,	0,	NULL),
(78,	1,	14,	721,	0,	16,	350,	658,	0,	520,	3,	80,	1,	0,	0,	0,	NULL),
(79,	1,	7,	723,	0,	724,	721,	0,	0,	0,	0,	0,	1,	0,	0,	0,	NULL),
(80,	1,	17,	724,	0,	51594325,	1058,	51582294,	614,	25,	40,	80,	5,	0,	0,	0,	NULL),
(81,	1,	7,	725,	0,	724,	727,	0,	0,	0,	0,	0,	2,	0,	0,	0,	NULL),
(82,	1,	14,	727,	0,	0,	0,	0,	0,	250,	31,	80,	0,	0,	0,	0,	NULL),
(83,	1,	7,	729,	0,	730,	727,	0,	0,	0,	0,	0,	1,	0,	0,	0,	NULL),
(84,	1,	16,	730,	0,	51922056,	344,	0,	0,	25,	40,	80,	1,	0,	0,	1,	NULL),
(85,	1,	19,	732,	0,	0,	0,	0,	0,	0,	0,	0,	2,	0,	0,	1,	NULL),
(86,	1,	18,	733,	0,	0,	0,	0,	0,	0,	993,	795,	3,	0,	0,	1,	NULL),
(87,	1,	21,	771,	4,	712,	0,	709,	0,	820,	2,	772,	2,	0,	0,	0,	NULL),
(88,	1,	2,	772,	5,	1110,	0,	712,	0,	1200,	0,	120,	0,	0,	0,	0,	NULL),
(89,	1,	2,	773,	2,	1110,	0,	712,	0,	1350,	0,	120,	0,	0,	0,	0,	NULL),
(90,	1,	2,	774,	3,	1110,	0,	712,	0,	1000,	0,	120,	0,	0,	0,	0,	NULL),
(91,	1,	4,	775,	0,	1110,	0,	0,	0,	0,	776,	774,	1,	0,	0,	0,	NULL),
(92,	1,	3,	776,	1,	1110,	712,	709,	0,	520,	0,	120,	2,	0,	0,	1,	NULL),
(93,	1,	8,	777,	0,	778,	776,	0,	0,	0,	0,	0,	1,	0,	0,	0,	NULL),
(94,	1,	17,	778,	0,	55133269,	1058,	55121238,	550,	25,	40,	100,	5,	0,	0,	0,	NULL),
(95,	1,	16,	779,	0,	1110,	1113,	0,	0,	25,	40,	100,	1,	0,	0,	2,	NULL),
(96,	1,	7,	780,	0,	779,	784,	0,	0,	0,	0,	0,	2,	0,	0,	0,	NULL),
(97,	1,	14,	784,	0,	32,	350,	658,	0,	540,	1,	100,	3,	0,	0,	0,	NULL),
(98,	1,	7,	786,	0,	787,	784,	0,	0,	0,	0,	0,	1,	0,	0,	0,	NULL),
(99,	1,	17,	787,	0,	47465557,	1160,	47453526,	2182,	25,	40,	100,	5,	0,	0,	0,	NULL),
(100,	1,	16,	788,	0,	55841878,	1107,	0,	0,	25,	40,	100,	1,	0,	0,	0,	NULL),
(101,	1,	4,	789,	0,	1110,	0,	0,	0,	0,	790,	788,	1,	0,	0,	0,	NULL),
(102,	1,	1,	790,	0,	1110,	0,	0,	0,	50,	0,	100,	0,	0,	0,	1,	NULL),
(103,	1,	4,	791,	0,	1110,	0,	0,	0,	0,	792,	790,	2,	0,	0,	0,	NULL),
(104,	1,	17,	792,	0,	55985237,	341,	47846742,	1369,	25,	40,	100,	5,	0,	0,	0,	NULL),
(105,	1,	8,	793,	0,	792,	794,	0,	0,	0,	0,	0,	2,	0,	0,	0,	NULL),
(106,	1,	3,	794,	0,	1110,	0,	0,	0,	460,	0,	120,	0,	0,	0,	0,	NULL),
(107,	1,	6,	795,	0,	794,	796,	733,	0,	0,	0,	0,	6,	0,	0,	0,	NULL),
(108,	1,	13,	796,	5,	0,	0,	732,	120,	1000,	0,	120,	0,	0,	0,	0,	NULL),
(109,	1,	2,	797,	2,	1110,	0,	732,	0,	400,	0,	120,	0,	0,	0,	0,	NULL),
(110,	1,	2,	798,	3,	1110,	0,	732,	0,	900,	0,	120,	0,	0,	0,	0,	NULL),
(111,	1,	2,	799,	4,	1110,	0,	732,	0,	500,	0,	120,	128,	0,	0,	0,	NULL),
(112,	1,	2,	800,	5,	1110,	0,	732,	0,	900,	0,	120,	0,	0,	0,	0,	NULL),
(113,	1,	21,	801,	6,	732,	0,	733,	0,	1500,	1,	796,	2,	0,	0,	2,	NULL),
(114,	1,	21,	834,	4,	901,	0,	898,	0,	820,	1,	772,	1,	0,	0,	0,	NULL),
(115,	1,	2,	835,	5,	1110,	0,	901,	0,	1200,	0,	120,	0,	0,	0,	0,	NULL),
(116,	1,	2,	836,	2,	1110,	0,	901,	0,	1350,	0,	120,	0,	0,	0,	0,	NULL),
(117,	1,	13,	837,	3,	0,	0,	901,	0,	1000,	0,	120,	0,	0,	0,	0,	NULL),
(118,	1,	6,	838,	0,	839,	837,	898,	0,	0,	0,	0,	5,	0,	0,	0,	NULL),
(119,	1,	3,	839,	0,	1110,	0,	0,	0,	530,	0,	120,	12,	0,	0,	0,	NULL),
(120,	1,	8,	840,	0,	841,	839,	0,	0,	0,	0,	0,	1,	0,	0,	0,	NULL),
(121,	1,	17,	841,	0,	51004501,	1160,	50992470,	2150,	25,	40,	100,	5,	0,	0,	0,	NULL),
(122,	1,	1,	842,	0,	1110,	0,	0,	0,	25,	0,	100,	0,	0,	0,	0,	NULL),
(123,	1,	16,	843,	0,	59446358,	1107,	0,	0,	25,	40,	100,	1,	0,	0,	0,	NULL),
(124,	1,	7,	844,	0,	843,	847,	0,	0,	0,	0,	0,	2,	0,	0,	0,	NULL),
(125,	1,	14,	847,	0,	18,	400,	658,	0,	560,	2,	100,	2,	0,	0,	0,	NULL),
(126,	1,	7,	851,	0,	852,	847,	0,	0,	0,	0,	0,	1,	0,	0,	0,	NULL),
(127,	1,	17,	852,	0,	51647573,	1877,	1366,	614,	25,	40,	100,	5,	0,	0,	0,	NULL),
(128,	1,	1,	853,	0,	1110,	0,	0,	0,	40,	0,	100,	0,	0,	0,	0,	NULL),
(129,	1,	17,	854,	0,	64099413,	341,	51909974,	1369,	25,	40,	100,	5,	0,	0,	0,	NULL),
(130,	1,	8,	855,	0,	854,	857,	0,	0,	0,	0,	0,	2,	0,	0,	0,	NULL),
(131,	1,	4,	856,	0,	1110,	0,	0,	0,	0,	857,	855,	1,	0,	0,	0,	NULL),
(132,	1,	3,	857,	1,	1110,	921,	922,	0,	470,	0,	120,	1,	0,	0,	1,	NULL),
(133,	1,	4,	858,	0,	1110,	0,	0,	0,	0,	859,	857,	2,	0,	0,	0,	NULL),
(134,	1,	2,	859,	5,	1110,	0,	921,	0,	600,	0,	120,	0,	0,	0,	0,	NULL),
(135,	1,	2,	860,	2,	1110,	0,	921,	0,	800,	0,	120,	0,	0,	0,	0,	NULL),
(136,	1,	2,	861,	3,	1110,	0,	921,	0,	900,	0,	120,	0,	0,	0,	0,	NULL),
(137,	1,	2,	862,	4,	1110,	0,	921,	0,	500,	0,	120,	32,	0,	0,	1,	NULL),
(138,	1,	2,	863,	5,	1110,	0,	921,	0,	900,	0,	120,	0,	0,	0,	0,	NULL),
(139,	1,	21,	864,	6,	932,	0,	922,	0,	1300,	2,	796,	1,	0,	0,	0,	NULL),
(140,	1,	18,	898,	0,	0,	0,	0,	0,	0,	838,	834,	2,	0,	0,	1,	NULL),
(141,	1,	19,	901,	0,	0,	0,	0,	0,	0,	0,	0,	1,	0,	0,	1,	NULL),
(142,	1,	3,	905,	1,	342,	1154,	1150,	0,	580,	0,	80,	2,	0,	0,	1,	NULL),
(143,	1,	8,	906,	0,	907,	905,	0,	0,	0,	0,	0,	1,	0,	0,	0,	NULL),
(144,	1,	17,	907,	0,	55252053,	1877,	1366,	1363,	25,	40,	80,	5,	0,	0,	0,	NULL),
(145,	1,	7,	908,	0,	907,	910,	0,	0,	0,	0,	0,	2,	0,	0,	0,	NULL),
(146,	1,	14,	910,	0,	2,	0,	658,	0,	520,	4,	80,	1,	0,	0,	0,	NULL),
(147,	1,	7,	914,	0,	915,	910,	0,	0,	0,	0,	0,	1,	0,	0,	0,	NULL),
(148,	1,	1,	915,	0,	1160,	0,	0,	0,	25,	0,	40,	0,	0,	0,	0,	NULL),
(149,	1,	1,	916,	0,	345,	0,	0,	0,	30,	0,	40,	0,	0,	0,	0,	NULL),
(150,	1,	19,	921,	0,	0,	0,	0,	0,	0,	0,	0,	1,	0,	0,	1,	NULL),
(151,	1,	18,	922,	0,	0,	0,	0,	0,	0,	864,	857,	0,	0,	0,	1,	NULL),
(152,	1,	19,	946,	0,	0,	0,	0,	0,	0,	0,	0,	2,	0,	0,	0,	NULL),
(153,	1,	18,	947,	0,	0,	0,	0,	0,	0,	1012,	1009,	1,	0,	0,	0,	NULL),
(154,	1,	15,	950,	0,	6,	0,	0,	0,	0,	0,	0,	1,	0,	0,	0,	NULL),
(155,	1,	14,	952,	0,	0,	0,	1142,	0,	320,	5,	40,	0,	0,	0,	0,	NULL),
(156,	1,	7,	954,	0,	955,	952,	0,	0,	0,	0,	0,	1,	0,	0,	0,	NULL),
(157,	1,	1,	955,	0,	1107,	0,	0,	0,	20,	0,	40,	0,	0,	0,	0,	NULL),
(158,	1,	4,	967,	0,	601,	0,	0,	0,	0,	905,	1091,	1,	0,	0,	0,	NULL),
(159,	1,	16,	971,	0,	1878,	1874,	0,	0,	25,	40,	40,	1,	0,	0,	0,	NULL),
(160,	1,	7,	972,	0,	971,	974,	0,	0,	0,	0,	0,	2,	0,	0,	0,	NULL),
(161,	1,	14,	974,	0,	0,	0,	658,	0,	560,	6,	40,	10,	0,	0,	0,	NULL),
(162,	1,	7,	976,	0,	978,	974,	0,	0,	0,	0,	0,	1,	0,	0,	0,	NULL),
(163,	1,	4,	977,	0,	1110,	0,	0,	0,	0,	978,	976,	1,	0,	0,	0,	NULL),
(164,	1,	17,	978,	0,	1109,	341,	1366,	1369,	25,	40,	40,	5,	0,	0,	1,	NULL),
(165,	1,	8,	979,	0,	978,	981,	0,	0,	0,	0,	0,	2,	0,	0,	0,	NULL),
(166,	1,	14,	981,	0,	0,	0,	658,	0,	150,	61,	40,	0,	0,	0,	0,	NULL),
(167,	1,	15,	983,	0,	4,	0,	0,	0,	0,	0,	0,	1,	0,	0,	0,	NULL),
(168,	1,	21,	1009,	3,	946,	0,	947,	0,	2000,	2,	1009,	2,	0,	0,	0,	NULL),
(169,	1,	2,	1010,	2,	1110,	0,	946,	0,	700,	0,	80,	0,	0,	0,	0,	NULL),
(170,	1,	4,	1011,	0,	1110,	0,	0,	0,	0,	1012,	1010,	1,	0,	0,	0,	NULL),
(171,	1,	3,	1012,	1,	1110,	946,	947,	0,	250,	0,	80,	2,	0,	0,	1,	NULL),
(172,	1,	17,	1013,	0,	70534229,	1058,	70522198,	550,	25,	60,	80,	5,	0,	0,	0,	NULL),
(173,	1,	7,	1014,	0,	1013,	1016,	1136,	0,	0,	0,	0,	2,	0,	0,	0,	NULL),
(174,	1,	14,	1016,	0,	0,	300,	1142,	0,	430,	3,	80,	1,	0,	0,	0,	NULL),
(175,	1,	7,	1018,	0,	1019,	1016,	0,	0,	0,	0,	0,	1,	0,	0,	0,	NULL),
(176,	1,	17,	1019,	0,	1109,	1877,	70980950,	1363,	25,	40,	80,	5,	0,	0,	0,	NULL),
(177,	1,	3,	1020,	1,	1110,	1451,	1514,	0,	200,	0,	80,	1,	0,	0,	0,	NULL),
(178,	1,	6,	1021,	0,	1020,	1022,	1514,	0,	0,	0,	0,	6,	0,	0,	0,	NULL),
(179,	1,	13,	1022,	2,	0,	0,	1451,	0,	450,	0,	80,	0,	0,	0,	1,	NULL),
(180,	1,	5,	1023,	0,	1107,	0,	0,	0,	0,	1388,	1022,	2,	0,	0,	0,	NULL),
(181,	1,	4,	1030,	0,	344,	0,	0,	0,	0,	905,	1091,	1,	0,	0,	0,	NULL),
(182,	1,	1,	1034,	0,	2182,	0,	0,	0,	25,	0,	40,	0,	0,	0,	0,	NULL),
(183,	1,	7,	1035,	0,	1034,	1037,	0,	0,	0,	0,	0,	2,	0,	0,	0,	NULL),
(184,	1,	14,	1037,	0,	0,	0,	658,	0,	530,	8,	40,	0,	0,	0,	0,	NULL),
(185,	1,	7,	1039,	0,	1040,	1037,	0,	0,	0,	0,	0,	1,	0,	0,	0,	NULL),
(186,	1,	1,	1040,	0,	1113,	0,	0,	0,	20,	0,	40,	0,	0,	0,	0,	NULL),
(187,	1,	21,	1072,	3,	1135,	0,	1136,	0,	2000,	1,	1009,	1,	0,	0,	0,	NULL),
(188,	1,	13,	1073,	2,	0,	0,	1135,	0,	700,	0,	80,	0,	0,	0,	0,	NULL),
(189,	1,	6,	1074,	0,	1075,	1073,	1136,	0,	0,	0,	0,	5,	0,	0,	0,	NULL),
(190,	1,	1,	1075,	0,	1110,	0,	0,	0,	250,	0,	80,	0,	0,	0,	0,	NULL),
(191,	1,	17,	1076,	0,	66405461,	1160,	66393430,	2182,	25,	60,	80,	5,	0,	0,	0,	NULL),
(192,	1,	7,	1077,	0,	1076,	1079,	1136,	0,	0,	0,	0,	2,	0,	0,	0,	NULL),
(193,	1,	14,	1079,	0,	1,	300,	1142,	0,	450,	1,	80,	3,	0,	0,	0,	NULL),
(194,	1,	7,	1082,	0,	1083,	1079,	0,	0,	0,	0,	0,	1,	0,	0,	0,	NULL),
(195,	1,	16,	1083,	0,	66798678,	1878,	1875,	1107,	25,	40,	80,	1,	0,	0,	0,	NULL),
(196,	1,	3,	1084,	1,	1110,	1154,	1150,	0,	320,	0,	80,	1,	0,	0,	0,	NULL),
(197,	1,	6,	1085,	0,	1084,	1086,	1150,	0,	0,	0,	0,	6,	0,	0,	0,	NULL),
(198,	1,	13,	1086,	6,	0,	0,	1154,	0,	750,	0,	80,	0,	0,	0,	0,	NULL),
(199,	1,	2,	1087,	2,	1110,	0,	1154,	0,	700,	1088,	80,	0,	0,	0,	0,	NULL),
(200,	1,	11,	1088,	3,	1089,	1087,	1154,	0,	20,	0,	80,	0,	0,	0,	0,	NULL),
(201,	1,	2,	1089,	4,	1110,	0,	1154,	0,	700,	1088,	80,	0,	0,	0,	0,	NULL),
(202,	1,	13,	1090,	5,	0,	0,	1154,	80,	800,	0,	80,	1,	0,	0,	0,	NULL),
(203,	1,	6,	1091,	0,	905,	1090,	1150,	0,	0,	0,	0,	5,	0,	0,	0,	NULL),
(204,	1,	4,	1092,	0,	1113,	0,	0,	0,	0,	905,	1091,	1,	0,	0,	0,	NULL),
(205,	1,	19,	1135,	0,	0,	0,	0,	0,	0,	0,	0,	1,	0,	0,	0,	NULL),
(206,	1,	18,	1136,	0,	0,	0,	0,	0,	0,	1074,	1072,	2,	0,	0,	1,	NULL),
(207,	1,	20,	1142,	0,	66618353,	70714002,	66606214,	0,	0,	250,	889,	2,	0,	0,	0,	NULL),
(208,	1,	18,	1150,	0,	0,	0,	0,	0,	0,	1091,	1085,	0,	0,	0,	1,	NULL),
(209,	1,	19,	1154,	0,	0,	0,	0,	0,	0,	0,	1,	2,	0,	0,	0,	NULL),
(210,	1,	20,	1158,	0,	88278134,	96568544,	0,	0,	0,	180,	1096,	1,	0,	0,	0,	NULL),
(211,	1,	4,	1218,	0,	342,	0,	0,	0,	0,	1219,	1280,	2,	0,	0,	0,	NULL),
(212,	1,	7,	1219,	0,	1280,	1221,	0,	0,	0,	0,	0,	2,	0,	0,	0,	NULL),
(213,	1,	14,	1221,	0,	0,	350,	1158,	0,	600,	5,	40,	2,	0,	0,	0,	NULL),
(214,	1,	7,	1223,	0,	1224,	1221,	0,	0,	0,	0,	0,	1,	0,	0,	0,	NULL),
(215,	1,	1,	1224,	0,	1107,	0,	0,	0,	25,	0,	40,	0,	0,	0,	0,	NULL),
(216,	1,	20,	1248,	0,	90047622,	94209448,	0,	0,	0,	250,	1184,	2,	0,	0,	0,	NULL),
(217,	1,	19,	1271,	0,	0,	0,	0,	0,	0,	0,	1,	2,	0,	0,	0,	NULL),
(218,	1,	18,	1272,	0,	0,	0,	0,	0,	0,	1338,	1331,	1,	0,	0,	0,	NULL),
(219,	1,	3,	1276,	1,	1110,	0,	0,	0,	250,	0,	40,	2,	0,	0,	0,	NULL),
(220,	1,	8,	1277,	0,	1278,	1276,	0,	0,	0,	0,	0,	1,	0,	0,	0,	NULL),
(221,	1,	1,	1278,	0,	1107,	0,	0,	0,	25,	0,	40,	0,	0,	0,	0,	NULL),
(222,	1,	1,	1280,	0,	345,	0,	0,	0,	50,	0,	40,	0,	0,	0,	1,	NULL),
(223,	1,	1,	1281,	0,	342,	0,	0,	0,	25,	0,	40,	0,	0,	0,	0,	NULL),
(224,	1,	7,	1282,	0,	1281,	1284,	0,	0,	0,	0,	0,	2,	0,	0,	0,	NULL),
(225,	1,	14,	1284,	0,	1,	350,	1158,	0,	600,	3,	40,	1,	0,	0,	0,	NULL),
(226,	1,	7,	1287,	0,	1288,	1284,	0,	0,	0,	0,	0,	1,	0,	0,	0,	NULL),
(227,	1,	17,	1288,	0,	1109,	1877,	88610134,	1363,	25,	40,	40,	5,	0,	0,	0,	NULL),
(228,	1,	8,	1289,	0,	1288,	1290,	0,	0,	0,	0,	0,	2,	0,	0,	0,	NULL),
(229,	1,	3,	1290,	0,	1110,	0,	0,	0,	100,	0,	40,	0,	0,	0,	0,	NULL),
(230,	1,	15,	1291,	0,	4,	0,	0,	0,	0,	0,	0,	0,	0,	0,	0,	NULL),
(231,	1,	18,	1299,	0,	0,	0,	0,	0,	0,	1367,	1361,	5,	0,	0,	0,	NULL),
(232,	1,	19,	1302,	0,	0,	0,	0,	0,	0,	1367,	1,	2,	0,	0,	0,	NULL),
(233,	1,	1,	1307,	0,	614,	0,	0,	0,	25,	0,	80,	0,	0,	0,	0,	NULL),
(234,	1,	7,	1308,	0,	1307,	1311,	0,	0,	0,	0,	0,	2,	0,	0,	0,	NULL),
(235,	1,	14,	1311,	0,	16,	0,	1248,	0,	670,	3,	80,	1,	0,	0,	0,	NULL),
(236,	1,	7,	1313,	0,	1314,	1311,	0,	0,	0,	0,	0,	1,	0,	0,	0,	NULL),
(237,	1,	1,	1314,	0,	1107,	0,	0,	0,	25,	0,	80,	0,	0,	0,	0,	NULL),
(238,	1,	19,	1318,	0,	0,	0,	0,	0,	0,	1,	0,	2,	0,	0,	0,	NULL),
(239,	1,	18,	1319,	0,	0,	0,	0,	0,	0,	1385,	1381,	5,	0,	0,	0,	NULL),
(240,	1,	15,	1328,	0,	6,	0,	0,	0,	0,	0,	0,	0,	0,	0,	0,	NULL),
(241,	1,	16,	1329,	0,	91231318,	614,	0,	0,	25,	80,	80,	1,	0,	0,	0,	NULL),
(242,	1,	3,	1330,	1,	1110,	1271,	1272,	0,	100,	0,	90,	1,	0,	0,	0,	NULL),
(243,	1,	6,	1331,	0,	1330,	1332,	1272,	0,	0,	0,	0,	6,	0,	0,	0,	NULL),
(244,	1,	13,	1332,	2,	1110,	0,	1271,	0,	700,	1333,	90,	0,	0,	0,	0,	NULL),
(245,	1,	11,	1333,	3,	1334,	1332,	1271,	10,	20,	0,	90,	2,	0,	0,	0,	NULL),
(246,	1,	2,	1334,	4,	1110,	0,	1271,	0,	700,	1333,	90,	0,	0,	0,	1,	NULL),
(247,	1,	5,	1335,	0,	1110,	0,	0,	0,	0,	1336,	1334,	2,	0,	0,	0,	NULL),
(248,	1,	2,	1336,	5,	1110,	0,	1271,	0,	2560,	0,	90,	0,	0,	0,	1,	NULL),
(249,	1,	13,	1337,	6,	0,	0,	1271,	920,	900,	0,	90,	0,	0,	0,	0,	NULL),
(250,	1,	6,	1338,	0,	1339,	1337,	1272,	0,	0,	0,	0,	5,	0,	0,	0,	NULL),
(251,	1,	3,	1339,	1,	1110,	1271,	1272,	0,	250,	0,	90,	2,	0,	0,	0,	NULL),
(252,	1,	8,	1340,	0,	1341,	1339,	0,	0,	0,	0,	0,	1,	0,	0,	0,	NULL),
(253,	1,	17,	1341,	0,	92030037,	1058,	92018006,	550,	25,	40,	90,	5,	0,	0,	0,	NULL),
(254,	1,	17,	1342,	0,	17493,	1877,	1366,	1369,	25,	40,	90,	5,	0,	0,	0,	NULL),
(255,	1,	16,	1343,	0,	1110,	1113,	0,	0,	25,	40,	90,	1,	0,	0,	0,	NULL),
(256,	1,	7,	1344,	0,	1343,	1347,	0,	0,	0,	0,	0,	2,	0,	0,	0,	NULL),
(257,	1,	14,	1347,	0,	18,	350,	1158,	0,	620,	1,	100,	2,	0,	0,	0,	NULL),
(258,	1,	7,	1351,	0,	1352,	1347,	0,	0,	0,	0,	0,	1,	0,	0,	0,	NULL),
(259,	1,	17,	1352,	0,	84427861,	1877,	92804438,	1363,	25,	40,	100,	5,	0,	0,	0,	NULL),
(260,	1,	7,	1353,	0,	1352,	1355,	0,	0,	0,	0,	0,	2,	0,	0,	0,	NULL),
(261,	1,	14,	1355,	0,	0,	0,	0,	0,	350,	11,	100,	0,	0,	0,	0,	NULL),
(262,	1,	8,	1357,	0,	1358,	1355,	0,	0,	0,	0,	0,	1,	0,	0,	0,	NULL),
(263,	1,	17,	1358,	0,	93144149,	1058,	93132118,	550,	25,	40,	100,	5,	0,	0,	0,	NULL),
(264,	1,	8,	1359,	0,	1358,	1360,	0,	0,	0,	0,	0,	2,	0,	0,	0,	NULL),
(265,	1,	3,	1360,	1,	1110,	1302,	1299,	0,	250,	0,	120,	1,	0,	0,	0,	NULL),
(266,	1,	6,	1361,	0,	1360,	1362,	1299,	0,	0,	0,	0,	2,	0,	0,	0,	NULL),
(267,	1,	12,	1362,	2,	2,	1,	1302,	0,	1100,	0,	120,	130,	0,	0,	0,	NULL),
(268,	1,	12,	1363,	3,	2,	0,	1302,	0,	1000,	0,	120,	2,	0,	0,	0,	NULL),
(269,	1,	12,	1364,	4,	2,	0,	1302,	0,	1200,	0,	120,	2,	0,	0,	0,	NULL),
(270,	1,	12,	1365,	5,	2,	0,	1302,	0,	1000,	0,	120,	130,	0,	0,	0,	NULL),
(271,	1,	12,	1366,	6,	2,	0,	1302,	0,	1000,	0,	120,	6,	0,	0,	0,	NULL),
(272,	1,	6,	1367,	0,	1368,	1366,	1299,	0,	0,	0,	0,	1,	0,	0,	0,	NULL),
(273,	1,	3,	1368,	1,	1110,	1302,	1299,	0,	250,	0,	120,	2,	0,	0,	0,	NULL),
(274,	1,	17,	1369,	0,	93865045,	1058,	93853014,	550,	25,	80,	120,	5,	0,	0,	0,	NULL),
(275,	1,	16,	1370,	0,	1110,	1160,	0,	0,	25,	80,	120,	1,	0,	0,	0,	NULL),
(276,	1,	7,	1371,	0,	1370,	1374,	0,	0,	0,	0,	0,	2,	0,	0,	0,	NULL),
(277,	1,	14,	1374,	0,	17,	0,	1248,	0,	700,	1,	120,	2,	0,	0,	0,	NULL),
(278,	1,	7,	1377,	0,	1378,	1374,	0,	0,	0,	0,	0,	1,	0,	0,	0,	NULL),
(279,	1,	16,	1378,	0,	1110,	1878,	0,	0,	25,	80,	120,	1,	0,	0,	0,	NULL),
(280,	1,	17,	1379,	0,	94520405,	1058,	94508374,	550,	25,	80,	120,	5,	0,	0,	0,	NULL),
(281,	1,	1,	1380,	0,	1110,	0,	0,	0,	250,	0,	120,	0,	0,	0,	0,	NULL),
(282,	1,	6,	1381,	0,	1380,	1382,	1319,	0,	0,	0,	0,	2,	0,	0,	0,	NULL),
(283,	1,	12,	1382,	2,	0,	1,	1318,	0,	1000,	0,	120,	2,	0,	0,	0,	NULL),
(284,	1,	12,	1383,	3,	0,	0,	1318,	0,	1000,	0,	120,	130,	0,	0,	0,	NULL),
(285,	1,	12,	1384,	4,	0,	0,	1318,	0,	1000,	0,	120,	2,	0,	0,	0,	NULL),
(286,	1,	21,	1385,	5,	1318,	0,	1319,	0,	2300,	1,	1382,	2,	0,	0,	0,	NULL),
(287,	1,	5,	1387,	0,	1878,	0,	0,	0,	0,	1388,	1022,	1,	0,	0,	0,	NULL),
(288,	1,	2,	1388,	3,	1110,	0,	1451,	0,	500,	0,	90,	0,	0,	0,	1,	NULL),
(289,	1,	13,	1389,	4,	0,	0,	1451,	0,	800,	0,	90,	0,	0,	0,	0,	NULL),
(290,	1,	6,	1390,	0,	1391,	1389,	1514,	0,	0,	0,	0,	5,	0,	0,	0,	NULL),
(291,	1,	3,	1391,	1,	1110,	1451,	1514,	0,	70,	0,	90,	2,	0,	0,	0,	NULL),
(292,	1,	16,	1392,	0,	87102550,	1160,	0,	0,	25,	80,	90,	1,	0,	0,	0,	NULL),
(293,	1,	3,	1393,	1,	1110,	1460,	1461,	0,	100,	0,	90,	1,	0,	0,	0,	NULL),
(294,	1,	6,	1394,	0,	1393,	1395,	1461,	0,	0,	0,	0,	6,	0,	0,	0,	NULL),
(295,	1,	13,	1395,	2,	1110,	0,	1460,	0,	700,	1396,	90,	0,	0,	0,	0,	NULL),
(296,	1,	11,	1396,	3,	1397,	1395,	1460,	10,	20,	0,	90,	1,	0,	0,	0,	NULL),
(297,	1,	2,	1397,	4,	1110,	0,	1460,	0,	700,	1396,	90,	0,	0,	0,	1,	NULL),
(298,	1,	5,	1398,	0,	1110,	0,	0,	0,	0,	1399,	1397,	1,	0,	0,	0,	NULL),
(299,	1,	2,	1399,	5,	1110,	0,	1460,	0,	2560,	0,	90,	0,	0,	0,	1,	NULL),
(300,	1,	13,	1400,	6,	0,	0,	1460,	0,	900,	0,	90,	0,	0,	0,	0,	NULL),
(301,	1,	6,	1401,	0,	1402,	1400,	1461,	0,	0,	0,	0,	5,	0,	0,	0,	NULL),
(302,	1,	3,	1402,	1,	1110,	1460,	1461,	0,	250,	0,	90,	2,	0,	0,	0,	NULL),
(303,	1,	8,	1403,	0,	1404,	1402,	0,	0,	0,	0,	0,	1,	0,	0,	0,	NULL),
(304,	1,	17,	1404,	0,	87901269,	1160,	87889238,	2182,	25,	40,	90,	5,	0,	0,	0,	NULL),
(305,	1,	16,	1405,	0,	1110,	1107,	0,	0,	25,	40,	90,	1,	0,	0,	0,	NULL),
(306,	1,	7,	1406,	0,	1405,	1410,	0,	0,	0,	0,	0,	2,	0,	0,	0,	NULL),
(307,	1,	14,	1410,	0,	35,	350,	1158,	0,	660,	2,	120,	1,	0,	0,	0,	NULL),
(308,	1,	7,	1415,	0,	1416,	1410,	0,	0,	0,	0,	0,	1,	0,	0,	0,	NULL),
(309,	1,	16,	1416,	0,	88622166,	1878,	0,	0,	25,	40,	120,	1,	0,	0,	0,	NULL),
(310,	1,	8,	1417,	0,	1416,	1418,	0,	0,	0,	0,	0,	2,	0,	0,	0,	NULL),
(311,	1,	3,	1418,	0,	1110,	0,	0,	0,	200,	0,	120,	0,	0,	0,	0,	NULL),
(312,	1,	8,	1419,	0,	1420,	1418,	0,	0,	0,	0,	0,	1,	0,	0,	0,	NULL),
(313,	1,	16,	1420,	0,	97129558,	342,	0,	0,	25,	80,	120,	1,	0,	0,	0,	NULL),
(314,	1,	17,	1421,	0,	89015381,	1160,	89003350,	2182,	25,	40,	120,	5,	0,	0,	0,	NULL),
(315,	1,	8,	1422,	0,	1421,	1423,	0,	0,	0,	0,	0,	2,	0,	0,	0,	NULL),
(316,	1,	3,	1423,	1,	1110,	1491,	1488,	0,	250,	0,	120,	1,	0,	0,	0,	NULL),
(317,	1,	6,	1424,	0,	1423,	1425,	1488,	0,	0,	0,	0,	2,	0,	0,	0,	NULL),
(318,	1,	12,	1425,	2,	1,	0,	1491,	0,	1100,	0,	120,	37,	0,	0,	0,	NULL),
(319,	1,	12,	1426,	3,	1,	0,	1491,	0,	1000,	0,	120,	1,	0,	0,	0,	NULL),
(320,	1,	12,	1427,	4,	1,	0,	1491,	0,	1200,	0,	120,	1,	0,	0,	0,	NULL),
(321,	1,	12,	1428,	5,	1,	0,	1491,	0,	1000,	0,	120,	33,	0,	0,	0,	NULL),
(322,	1,	12,	1429,	6,	1,	1,	1491,	0,	1000,	0,	120,	1,	0,	0,	0,	NULL),
(323,	1,	6,	1430,	0,	1431,	1429,	1488,	0,	0,	0,	0,	1,	0,	0,	0,	NULL),
(324,	1,	3,	1431,	1,	1110,	1491,	1488,	0,	250,	0,	120,	2,	0,	0,	0,	NULL),
(325,	1,	17,	1432,	0,	89736277,	1160,	89724246,	2182,	25,	80,	120,	5,	0,	0,	0,	NULL),
(326,	1,	16,	1433,	0,	1110,	1058,	0,	0,	25,	80,	120,	1,	0,	0,	0,	NULL),
(327,	1,	7,	1434,	0,	1433,	1437,	0,	0,	0,	0,	0,	2,	0,	0,	0,	NULL),
(328,	1,	14,	1437,	0,	17,	0,	1248,	0,	700,	2,	120,	1,	0,	0,	0,	NULL),
(329,	1,	7,	1440,	0,	1441,	1437,	0,	0,	0,	0,	0,	1,	0,	0,	0,	NULL),
(330,	1,	16,	1441,	0,	98505814,	342,	0,	0,	25,	80,	120,	1,	0,	0,	0,	NULL),
(331,	1,	17,	1442,	0,	90391637,	1160,	90379606,	2182,	25,	80,	120,	5,	0,	0,	0,	NULL),
(332,	1,	3,	1443,	1,	1110,	1507,	1508,	0,	250,	0,	120,	1,	0,	0,	1,	NULL),
(333,	1,	4,	1444,	0,	1110,	0,	0,	0,	0,	1445,	1443,	2,	0,	0,	0,	NULL),
(334,	1,	12,	1445,	2,	0,	0,	1507,	0,	1000,	0,	120,	5,	0,	0,	0,	NULL),
(335,	1,	12,	1446,	3,	0,	0,	1507,	0,	1000,	0,	120,	33,	0,	0,	0,	NULL),
(336,	1,	12,	1447,	4,	0,	10,	1507,	0,	1000,	0,	120,	1,	0,	0,	0,	NULL),
(337,	1,	21,	1448,	5,	1507,	0,	1508,	0,	2300,	2,	1382,	1,	0,	0,	0,	NULL),
(338,	1,	19,	1451,	0,	0,	0,	0,	0,	0,	0,	1,	1,	0,	0,	0,	NULL),
(339,	1,	19,	1460,	0,	0,	0,	0,	0,	0,	0,	1,	1,	0,	0,	0,	NULL),
(340,	1,	18,	1461,	0,	0,	0,	0,	0,	0,	1401,	1394,	0,	0,	0,	0,	NULL),
(341,	1,	16,	1469,	0,	1875,	1878,	0,	0,	25,	40,	40,	1,	0,	0,	0,	NULL),
(342,	1,	7,	1470,	0,	1469,	1473,	0,	0,	0,	0,	0,	2,	0,	0,	0,	NULL),
(343,	1,	14,	1473,	0,	16,	350,	1158,	0,	580,	4,	80,	2,	0,	0,	0,	NULL),
(344,	1,	7,	1475,	0,	1476,	1473,	0,	0,	0,	0,	0,	1,	0,	0,	0,	NULL),
(345,	1,	16,	1476,	0,	1110,	614,	0,	0,	25,	40,	80,	1,	0,	0,	0,	NULL),
(346,	1,	7,	1477,	0,	1476,	1479,	0,	0,	0,	0,	0,	2,	0,	0,	0,	NULL),
(347,	1,	14,	1479,	0,	0,	0,	0,	0,	350,	41,	80,	0,	0,	0,	0,	NULL),
(348,	1,	7,	1481,	0,	1482,	1479,	0,	0,	0,	0,	0,	1,	0,	0,	0,	NULL),
(349,	1,	17,	1482,	0,	1109,	1058,	93066582,	1369,	25,	40,	80,	5,	0,	0,	0,	NULL),
(350,	1,	8,	1483,	0,	1482,	1485,	0,	0,	0,	0,	0,	2,	0,	0,	0,	NULL),
(351,	1,	14,	1485,	0,	0,	0,	0,	0,	400,	42,	40,	0,	0,	0,	0,	NULL),
(352,	1,	15,	1487,	0,	4,	0,	0,	0,	0,	0,	0,	0,	0,	0,	0,	NULL),
(353,	1,	18,	1488,	0,	0,	0,	0,	0,	0,	1430,	1424,	4,	0,	0,	0,	NULL),
(354,	1,	19,	1491,	0,	0,	0,	0,	0,	0,	1430,	1,	1,	0,	0,	0,	NULL),
(355,	1,	1,	1496,	0,	2182,	0,	0,	0,	25,	0,	80,	0,	0,	0,	0,	NULL),
(356,	1,	7,	1497,	0,	1496,	1500,	0,	0,	0,	0,	0,	2,	0,	0,	0,	NULL),
(357,	1,	14,	1500,	0,	16,	0,	1248,	0,	660,	4,	80,	2,	0,	0,	0,	NULL),
(358,	1,	7,	1502,	0,	1503,	1500,	0,	0,	0,	0,	0,	1,	0,	0,	0,	NULL),
(359,	1,	16,	1503,	0,	94442582,	1113,	0,	0,	25,	40,	80,	1,	0,	0,	0,	NULL),
(360,	1,	8,	1504,	0,	1503,	1505,	0,	0,	0,	0,	0,	2,	0,	0,	0,	NULL),
(361,	1,	3,	1505,	0,	1107,	0,	0,	0,	100,	0,	40,	0,	0,	0,	0,	NULL),
(362,	1,	19,	1507,	0,	0,	0,	0,	0,	0,	1,	0,	1,	0,	0,	0,	NULL),
(363,	1,	18,	1508,	0,	0,	0,	0,	0,	0,	1448,	1443,	4,	0,	0,	0,	NULL),
(364,	1,	18,	1514,	0,	0,	0,	0,	0,	0,	1390,	1021,	0,	0,	0,	0,	NULL),
(365,	1,	16,	1533,	0,	1874,	1878,	0,	0,	25,	40,	40,	1,	0,	0,	0,	NULL),
(366,	1,	7,	1534,	0,	1533,	1536,	0,	0,	0,	0,	0,	2,	0,	0,	0,	NULL),
(367,	1,	14,	1536,	0,	0,	0,	1158,	0,	560,	6,	40,	0,	0,	0,	0,	NULL),
(368,	1,	7,	1538,	0,	1539,	1536,	0,	0,	0,	0,	0,	1,	0,	0,	0,	NULL),
(369,	1,	16,	1539,	0,	1160,	600,	0,	0,	25,	40,	40,	1,	0,	0,	0,	NULL),
(370,	1,	1,	1545,	0,	2182,	0,	0,	0,	25,	0,	40,	0,	0,	0,	0,	NULL),
(371,	1,	8,	1546,	0,	1545,	1548,	0,	0,	0,	0,	0,	2,	0,	0,	0,	NULL),
(372,	1,	14,	1548,	0,	0,	0,	0,	0,	400,	62,	40,	0,	0,	0,	0,	NULL),
(373,	1,	15,	1550,	0,	4,	0,	0,	0,	0,	0,	0,	0,	0,	0,	0,	NULL),
(374,	1,	15,	1569,	0,	7,	0,	0,	0,	0,	0,	0,	0,	0,	0,	0,	NULL),
(375,	1,	1,	1596,	0,	2182,	0,	0,	0,	25,	0,	40,	0,	0,	0,	0,	NULL),
(376,	1,	7,	1597,	0,	1596,	1599,	0,	0,	0,	0,	0,	2,	0,	0,	0,	NULL),
(377,	1,	14,	1599,	0,	0,	0,	1158,	0,	540,	8,	40,	0,	0,	0,	0,	NULL),
(378,	1,	7,	1601,	0,	1602,	1599,	0,	0,	0,	0,	0,	1,	0,	0,	0,	NULL),
(379,	1,	1,	1602,	0,	1160,	0,	0,	0,	25,	0,	40,	0,	0,	0,	0,	NULL);

DROP TABLE IF EXISTS `prvky_kluc`;
CREATE TABLE `prvky_kluc` (
  `id` int(11) NOT NULL AUTO_INCREMENT COMMENT '[A]Index',
  `key` varchar(2) COLLATE utf8_bin NOT NULL COMMENT 'Kľúč',
  `description` varchar(30) COLLATE utf8_bin NOT NULL COMMENT 'Popis',
  PRIMARY KEY (`id`)
) ENGINE=InnoDB DEFAULT CHARSET=utf8 COLLATE=utf8_bin COMMENT='Zoznam prípustných kľúčov';

INSERT INTO `prvky_kluc` (`id`, `key`, `description`) VALUES
(1,	'UB',	'nerozvetvený úsek'),
(2,	'MB',	'medzist. úsek'),
(3,	'KB',	'nerozv. úsek pre koniec cesty'),
(4,	'UO',	'grafický prvok úseku v ŽST'),
(5,	'MO',	'grafický prvok úseku mimo ŽST'),
(6,	'NH',	'Vchodové návestidlo'),
(7,	'ND',	'Odchodové(cestové) náv.'),
(8,	'NE',	'Posunové návestidlo'),
(9,	'NK',	'Koncové návestidlo'),
(10,	'UP',	'Priecestie v ŽST'),
(11,	'MP',	'Priecestie na trati'),
(12,	'MA',	'Oddiel AB'),
(13,	'MR',	'Úsek so samost. predzv.'),
(14,	'KS',	'Staničná koľaj'),
(15,	'UU',	'Tupík'),
(16,	'VN',	'Jednoduchá výhybka'),
(17,	'VK',	'Angličák'),
(18,	'ZB',	'Zadávacia bunka'),
(19,	'TS',	'Traťový súhlas'),
(20,	'SB',	'Staničná budova'),
(21,	'MZ',	'Miesto ziavenia(odchodu)'),
(22,	'KO',	'Autom. generovaný odkaz na KS');

DROP TABLE IF EXISTS `udaje`;
CREATE TABLE `udaje` (
  `id` int(11) NOT NULL AUTO_INCREMENT COMMENT '[A]Index',
  `id_user_roles` int(11) NOT NULL DEFAULT 5 COMMENT 'Id min úrovne pre editáciu',
  `id_udaje_typ` int(11) NOT NULL DEFAULT 1 COMMENT 'Typ input-u',
  `nazov` varchar(30) COLLATE utf8_bin NOT NULL DEFAULT 'nazov' COMMENT 'Názov prvku',
  `text` varchar(255) COLLATE utf8_bin NOT NULL DEFAULT 'Definícia' COMMENT 'Hodnota prvku',
  `comment` varchar(255) COLLATE utf8_bin DEFAULT NULL COMMENT 'Komentár k hodnote',
  `separate_settings` tinyint(4) NOT NULL DEFAULT 0 COMMENT 'Ak 1 tak má položka vlastnú časť nastavení',
  PRIMARY KEY (`id`),
  KEY `id_reg` (`id_user_roles`),
  KEY `id_udaje_typ` (`id_udaje_typ`),
  CONSTRAINT `udaje_ibfk_3` FOREIGN KEY (`id_udaje_typ`) REFERENCES `udaje_typ` (`id`),
  CONSTRAINT `udaje_ibfk_4` FOREIGN KEY (`id_user_roles`) REFERENCES `user_roles` (`id`)
) ENGINE=InnoDB DEFAULT CHARSET=utf8 COLLATE=utf8_bin COMMENT='Tabuľka na uschovanie základných údajov o stránke';

INSERT INTO `udaje` (`id`, `id_user_roles`, `id_udaje_typ`, `nazov`, `text`, `comment`, `separate_settings`) VALUES
(1,	4,	1,	'titulka-sk',	'BW Foto - Ateliér architektúry a fotografie',	'Názov zobrazený v titulke',	0),
(2,	5,	1,	'titulka_2-sk',	'',	'Druhá časť titulky pre jazyk: sk',	0),
(6,	4,	1,	'keywords-sk',	'BW Foto, Spišské Bystré, ateliér,  architektúra, fotografie',	'Kľúčové slová',	0),
(7,	5,	1,	'autor',	'Ing. Peter VOJTECH ml. - VZ',	'Autor stránky',	0),
(8,	5,	1,	'log_out-sk',	'Odhlás sa...',	'Text pre odkaz na odhlásenie sa',	0),
(9,	5,	1,	'log_in-sk',	'Prihlás sa',	'Text pre odkaz na prihlásenie sa',	0),
(10,	5,	1,	'forgot_password-sk',	'Zabudnuté heslo?',	'Text pre odkaz na zabudnuté heslo',	0),
(11,	5,	1,	'register-sk',	'Registrácia',	'Text pre odkaz na registráciu',	0),
(12,	5,	1,	'last_update-sk',	'Posledná aktualizácia',	'Text pre odkaz na poslednú aktualizáciu',	0),
(13,	4,	1,	'spravca-sk',	'Správca obsahu',	'Text pre odkaz na správcu',	0),
(14,	4,	1,	'copy',	'PV',	'Text, ktorý sa vypíše za znakom copyright-u',	0),
(15,	5,	1,	'no_exzist-sk',	'To čo hľadáte nie je ešte v tomto jazyku vytvorené!',	'Text ak položka v danom jazyku neexzistuje pre jazyk:sk',	0),
(16,	5,	1,	'nazov_uvod-sk',	'Úvod',	'Text pre odkaz na východziu stránku pre jazyk:sk',	0),
(18,	5,	3,	'registracia_enabled',	'0',	'Globálne registrácie(ak 1 tak áno, ak 0 tak nie)',	0);

DROP TABLE IF EXISTS `udaje_typ`;
CREATE TABLE `udaje_typ` (
  `id` int(11) NOT NULL AUTO_INCREMENT COMMENT '[A]Index',
  `nazov` varchar(20) COLLATE utf8_bin NOT NULL DEFAULT 'text' COMMENT 'Typ input-u pre danú položku',
  `comment` varchar(50) COLLATE utf8_bin NOT NULL DEFAULT 'Text' COMMENT 'Popis navonok',
  PRIMARY KEY (`id`)
) ENGINE=InnoDB DEFAULT CHARSET=utf8 COLLATE=utf8_bin COMMENT='Typy prvkov pre tabuľku udaje';

INSERT INTO `udaje_typ` (`id`, `nazov`, `comment`) VALUES
(1,	'text',	'Text'),
(2,	'radio',	'Vyber jednu možnosť'),
(3,	'checkbox',	'Áno alebo nie'),
(4,	'number',	'Číslo');

DROP TABLE IF EXISTS `user_login`;
CREATE TABLE `user_login` (
  `id` int(11) NOT NULL AUTO_INCREMENT COMMENT '[A]Index',
  `id_user_main` int(11) NOT NULL COMMENT 'Id užívateľa',
  `log_in_datetime` datetime NOT NULL DEFAULT '0000-00-00 00:00:00' COMMENT 'Dátum a čas prihlásenia',
  PRIMARY KEY (`id`),
  KEY `id_user_profiles` (`id_user_main`),
  CONSTRAINT `user_login_ibfk_1` FOREIGN KEY (`id_user_main`) REFERENCES `user_main` (`id`)
) ENGINE=InnoDB DEFAULT CHARSET=utf8 COLLATE=utf8_bin COMMENT='Evidencia prihlásenia užívateľov';

INSERT INTO `user_login` (`id`, `id_user_main`, `log_in_datetime`) VALUES
(3,	1,	'2021-01-12 08:25:52');

DROP TABLE IF EXISTS `user_main`;
CREATE TABLE `user_main` (
  `id` int(11) NOT NULL AUTO_INCREMENT COMMENT '[A]Index',
  `id_user_roles` int(11) NOT NULL DEFAULT 0 COMMENT 'Úroveň registrácie a rola',
  `id_user_profiles` int(11) DEFAULT NULL COMMENT 'Užívateľský profil',
  `password` varchar(255) COLLATE utf8_bin NOT NULL COMMENT 'Heslo',
  `meno` varchar(50) COLLATE utf8_bin NOT NULL COMMENT 'Meno',
  `priezvisko` varchar(50) COLLATE utf8_bin NOT NULL COMMENT 'Priezvisko',
  `email` varchar(100) COLLATE utf8_bin NOT NULL COMMENT 'Email',
  `activated` tinyint(1) NOT NULL DEFAULT 0 COMMENT 'Aktivácia',
  `banned` tinyint(1) NOT NULL DEFAULT 0 COMMENT 'Zazázaný',
  `ban_reason` varchar(255) COLLATE utf8_bin DEFAULT NULL COMMENT 'Dôvod zákazu',
  `new_password_key` varchar(100) COLLATE utf8_bin DEFAULT NULL COMMENT 'Kľúč nového hesla',
  `new_password_requested` datetime DEFAULT NULL COMMENT 'Čas požiadavky na nové heslo',
  `new_email` varchar(100) COLLATE utf8_bin DEFAULT NULL COMMENT 'Nový email',
  `new_email_key` varchar(100) COLLATE utf8_bin DEFAULT NULL COMMENT 'Kľúč nového emailu',
  `last_ip` varchar(40) COLLATE utf8_bin DEFAULT NULL COMMENT 'Posledná IP',
  `created` datetime NOT NULL DEFAULT '0000-00-00 00:00:00' COMMENT 'Vytvorenie užívateľa',
  `modified` timestamp NOT NULL DEFAULT current_timestamp() ON UPDATE current_timestamp() COMMENT 'Posledná zmena',
  PRIMARY KEY (`id`),
  UNIQUE KEY `email` (`email`),
  KEY `id_registracia` (`id_user_roles`),
  KEY `id_user_profiles` (`id_user_profiles`),
  CONSTRAINT `user_main_ibfk_2` FOREIGN KEY (`id_user_profiles`) REFERENCES `user_profiles` (`id`) ON DELETE SET NULL,
  CONSTRAINT `user_main_ibfk_3` FOREIGN KEY (`id_user_roles`) REFERENCES `user_roles` (`id`)
) ENGINE=InnoDB DEFAULT CHARSET=utf8 COLLATE=utf8_bin COMMENT='Hlavné údaje užívateľa';

INSERT INTO `user_main` (`id`, `id_user_roles`, `id_user_profiles`, `password`, `meno`, `priezvisko`, `email`, `activated`, `banned`, `ban_reason`, `new_password_key`, `new_password_requested`, `new_email`, `new_email_key`, `last_ip`, `created`, `modified`) VALUES
(1,	5,	1,	'$2y$10$RnzAjUCyc/B1GgiJ9k43/e27BDz5j1vsbN.DYlfnXIxweBvqxkABq',	'Peter',	'Vojtech',	'petak23@gmail.com',	1,	0,	NULL,	NULL,	NULL,	NULL,	NULL,	'127.0.0.1',	'2020-10-06 09:21:19',	'2021-01-07 11:17:43');

DROP TABLE IF EXISTS `user_permission`;
CREATE TABLE `user_permission` (
  `id` int(11) NOT NULL AUTO_INCREMENT COMMENT '[A]Index',
  `id_user_roles` int(11) NOT NULL DEFAULT 0 COMMENT 'Užívateľská rola',
  `id_user_resource` int(11) NOT NULL COMMENT 'Zdroj',
  `actions` varchar(100) COLLATE utf8_bin DEFAULT NULL COMMENT 'Povolenie na akciu. (Ak viac oddelené čiarkou, ak null tak všetko)',
  PRIMARY KEY (`id`),
  KEY `id_user_roles` (`id_user_roles`),
  KEY `id_user_resource` (`id_user_resource`),
  CONSTRAINT `user_permission_ibfk_1` FOREIGN KEY (`id_user_roles`) REFERENCES `user_roles` (`id`),
  CONSTRAINT `user_permission_ibfk_2` FOREIGN KEY (`id_user_resource`) REFERENCES `user_resource` (`id`)
) ENGINE=InnoDB DEFAULT CHARSET=utf8 COLLATE=utf8_bin COMMENT='Užívateľské oprávnenia';

INSERT INTO `user_permission` (`id`, `id_user_roles`, `id_user_resource`, `actions`) VALUES
(1,	0,	1,	NULL),
(2,	0,	2,	NULL),
(5,	1,	3,	NULL),
(6,	1,	4,	NULL),
(7,	1,	5,	NULL),
(9,	1,	6,	NULL),
(10,	1,	7,	NULL);

DROP TABLE IF EXISTS `user_profiles`;
CREATE TABLE `user_profiles` (
  `id` int(11) NOT NULL AUTO_INCREMENT,
  `poznamka` varchar(255) COLLATE utf8_bin DEFAULT NULL COMMENT 'Poznámka',
  `last_login` datetime DEFAULT NULL COMMENT 'Posledné prihlásenie',
  `pocet_pr` int(11) NOT NULL DEFAULT 0 COMMENT 'Počet prihlásení',
  `avatar` varchar(200) COLLATE utf8_bin DEFAULT NULL COMMENT 'Cesta k avatarovi veľkosti 75x75',
  `news` enum('A','N') COLLATE utf8_bin NOT NULL DEFAULT 'A' COMMENT 'Posielanie info emailou',
  `news_key` varchar(100) COLLATE utf8_bin DEFAULT NULL COMMENT 'Kľúč pre odhlásenie noviniek',
  PRIMARY KEY (`id`)
) ENGINE=InnoDB DEFAULT CHARSET=utf8 COLLATE=utf8_bin COMMENT='Doplňujúci profil užívateľa';

INSERT INTO `user_profiles` (`id`, `poznamka`, `last_login`, `pocet_pr`, `avatar`, `news`, `news_key`) VALUES
(1,	NULL,	'2021-01-12 08:25:52',	3,	NULL,	'A',	NULL);

DROP TABLE IF EXISTS `user_resource`;
CREATE TABLE `user_resource` (
  `id` int(11) NOT NULL AUTO_INCREMENT COMMENT '[A]Index',
  `name` varchar(30) COLLATE utf8_bin NOT NULL COMMENT 'Názov zdroja',
  PRIMARY KEY (`id`)
) ENGINE=InnoDB DEFAULT CHARSET=utf8 COLLATE=utf8_bin COMMENT='Zdroje oprávnení';

INSERT INTO `user_resource` (`id`, `name`) VALUES
(1,	'Homepage'),
(2,	'User'),
(3,	'UserLog'),
(4,	'Edit'),
(5,	'Error'),
(6,	'Sign'),
(7,	'Run');

DROP TABLE IF EXISTS `user_roles`;
CREATE TABLE `user_roles` (
  `id` int(11) NOT NULL COMMENT '[A]Index',
  `role` varchar(30) COLLATE utf8_bin NOT NULL DEFAULT 'guest' COMMENT 'Rola pre ACL',
  `inherited` varchar(30) COLLATE utf8_bin DEFAULT NULL COMMENT 'Dedí od roli',
  `name` varchar(30) COLLATE utf8_bin NOT NULL DEFAULT 'Registracia cez web' COMMENT 'Názov úrovne registrácie',
  PRIMARY KEY (`id`)
) ENGINE=InnoDB DEFAULT CHARSET=utf8 COLLATE=utf8_bin COMMENT='Úrovne registrácie a ich názvy';

INSERT INTO `user_roles` (`id`, `role`, `inherited`, `name`) VALUES
(0,	'guest',	NULL,	'Bez registrácie'),
(1,	'register',	'guest',	'Registrácia cez web'),
(2,	'passive',	'register',	'Pasívny užívateľ'),
(3,	'active',	'passive',	'Aktívny užívateľ'),
(4,	'manager',	'active',	'Správca obsahu'),
(5,	'admin',	'manager',	'Administrátor');

DROP TABLE IF EXISTS `verzie`;
CREATE TABLE `verzie` (
  `id` int(11) NOT NULL AUTO_INCREMENT COMMENT '[A]Index',
  `id_user_main` int(11) NOT NULL DEFAULT 1 COMMENT 'Id užívateľa',
  `cislo` varchar(10) COLLATE utf8_bin NOT NULL DEFAULT '' COMMENT 'Číslo verzie',
  `subory` varchar(255) COLLATE utf8_bin DEFAULT NULL COMMENT 'Zmenené súbory',
  `text` text COLLATE utf8_bin DEFAULT NULL COMMENT 'Popis zmien',
  `modified` timestamp NOT NULL DEFAULT current_timestamp() ON UPDATE current_timestamp() COMMENT 'Dátum a čas zmeny',
  PRIMARY KEY (`id`),
  UNIQUE KEY `cislo` (`cislo`),
  KEY `datum` (`modified`),
  KEY `id_clena` (`id_user_main`),
  CONSTRAINT `verzie_ibfk_1` FOREIGN KEY (`id_user_main`) REFERENCES `user_main` (`id`)
) ENGINE=InnoDB DEFAULT CHARSET=utf8 COLLATE=utf8_bin COMMENT='Verzie webu';


-- 2021-01-14 12:13:01
